{"cameraMode":{"drawMode":0,"name":"Shaded","section":"Shading Mode"},"sceneLighting":true,"audioPlay":false,"sceneViewState":{"m_AlwaysRefresh":false,"showFog":true,"showSkybox":true,"showFlares":true,"showImageEffects":true,"showParticleSystems":true,"showVisualEffectGraphs":true,"m_FxEnabled":true},"in2DMode":false,"pivot":{"x":-6.908386707305908,"y":0.9554353952407837,"z":0.6667461395263672},"rotation":{"x":0.09066366404294968,"y":-0.5151119232177734,"z":0.05495662987232208,"w":0.8506390452384949},"size":10.417987823486329,"orthographic":false}